,exp_code_str3,exp_name,imp_code_str3,imp_name,HS2,description,USD,tonne,clean_desc
0,380,Italy,008,Albania,41," Bovine skins, whole, raw",108003649.748,5105.47741,"Italy -  Bovine skins, whole, raw"
1,380,Italy,008,Albania,64," Waterproof footwear (Wellingtons etc), metal toe cap",71663138.458,7802.888650000001,"Italy -  Waterproof footwear (Wellingtons etc), metal toe cap"
2,380,Italy,008,Albania,84, Nuclear reactors,70565904.126,16866.537285,Italy -  Nuclear reactors
3,276,Germany,008,Albania,87, Pedestrian controlled tractors,67301033.768,23982.020129999997,Germany -  Pedestrian controlled tractors
4,380,Italy,008,Albania,87, Pedestrian controlled tractors,60377616.713,28020.897940000003,Italy -  Pedestrian controlled tractors
5,380,Italy,008,Albania,62," Mens, boys overcoats of wool or hair, not knit",55049847.218,4654.50728,"Italy -  Mens, boys overcoats of wool or hair, not knit"
6,380,Italy,008,Albania,39, Polyethylene - specific gravity <0.94 in primary form,50530480.143,16540.61684,Italy -  Polyethylene - specific gravity <0.94 in primary form
7,380,Italy,008,Albania,27," Anthracite, not agglomerated",47200581.452,71957.79791,"Italy -  Anthracite, not agglomerated"
8,380,Italy,008,Albania,48, Newsprint,46055562.23,24842.987670000002,Italy -  Newsprint
9,380,Italy,008,Albania,85, Electric motors of an output < 37.5 watts,37039916.335,7851.97108,Italy -  Electric motors of an output < 37.5 watts
10,380,Italy,008,Albania,73, Sheet piling of iron or steel,32263635.816,17985.86693,Italy -  Sheet piling of iron or steel
11,380,Italy,008,Albania,59, Gum or amylaceous covered textiles for book covers et,32151041.937,3448.28985,Italy -  Gum or amylaceous covered textiles for book covers et
12,300,Greece,008,Albania,27," Anthracite, not agglomerated",27947643.496,43513.44,"Greece -  Anthracite, not agglomerated"
13,643,Russian Federation,008,Albania,10, Durum wheat,27799701.904,125289.27,Russian Federation -  Durum wheat
14,380,Italy,008,Albania,61," Mens, boys overcoats, etc, of wool or hair, knit",26615430.629,2319.7349,"Italy -  Mens, boys overcoats, etc, of wool or hair, knit"
15,792,Türkiye,008,Albania,61," Mens, boys overcoats, etc, of wool or hair, knit",26358287.451,3977.54477,"Türkiye -  Mens, boys overcoats, etc, of wool or hair, knit"
16,156,China,008,Albania,84, Nuclear reactors,25986070.703,7179.946940000001,China -  Nuclear reactors
17,376,Israel,008,Albania,27," Anthracite, not agglomerated",25373479.631,39985.816,"Israel -  Anthracite, not agglomerated"
18,380,Italy,008,Albania,52," Cotton, not carded or combed",24564726.739,1733.51258,"Italy -  Cotton, not carded or combed"
19,724,Spain,008,Albania,27," Anthracite, not agglomerated",23869099.261,35219.885,"Spain -  Anthracite, not agglomerated"
20,642,Romania,008,Albania,27," Anthracite, not agglomerated",23155492.144,35758.2102,"Romania -  Anthracite, not agglomerated"
21,156,China,008,Albania,85, Electric motors of an output < 37.5 watts,22993233.682,3846.50102,China -  Electric motors of an output < 37.5 watts
22,380,Italy,008,Albania,22, Mineral and aerated waters not sweetened or flavoured,21442191.559,24944.56213,Italy -  Mineral and aerated waters not sweetened or flavoured
23,724,Spain,008,Albania,69," Bricks, blocks and ceramic goods of siliceous earths",18553463.909,66587.29194,"Spain -  Bricks, blocks and ceramic goods of siliceous earths"
24,380,Italy,008,Albania,83, Padlocks of base metal,18285205.963,4018.57609,Italy -  Padlocks of base metal
25,380,Italy,008,Albania,19," Infant foods of cereals, flour, starch or milk, retai",17576360.887,13123.6839,"Italy -  Infant foods of cereals, flour, starch or milk, retai"
26,380,Italy,008,Albania,94," Seats, aircraft",14862855.846,4137.2988,"Italy -  Seats, aircraft"
27,792,Türkiye,008,Albania,44, Fuel wood,13877054.02,47597.68,Türkiye -  Fuel wood
28,380,Italy,008,Albania,09," Coffee, not roasted, not decaffeinated",13493330.476,2075.36279,"Italy -  Coffee, not roasted, not decaffeinated"
29,380,Italy,008,Albania,54, Sewing thread of synthetic filaments,13068138.585,1056.73163,Italy -  Sewing thread of synthetic filaments
30,380,Italy,008,Albania,60," ""Long pile"" knit or crochet textile fabric",12622005.935,827.5385699999999,"Italy -  ""Long pile"" knit or crochet textile fabric"
31,380,Italy,008,Albania,34," Soaps, for toilet use, solid",12416368.841,10474.99538,"Italy -  Soaps, for toilet use, solid"
32,818,Egypt,008,Albania,27," Anthracite, not agglomerated",11560958.162,20638.4,"Egypt -  Anthracite, not agglomerated"
33,380,Italy,008,Albania,33, Essential oils of bergamot,11233107.846,2561.69913,Italy -  Essential oils of bergamot
34,380,Italy,008,Albania,21," Coffee extracts, essences, concentrates, preparations",11085018.446,3137.3257999999996,"Italy -  Coffee extracts, essences, concentrates, preparations"
35,076,Brazil,008,Albania,02," Bovine carcasses and half carcasses, fresh or chilled",10262794.639,5734.6518,"Brazil -  Bovine carcasses and half carcasses, fresh or chilled"
36,380,Italy,008,Albania,69," Bricks, blocks and ceramic goods of siliceous earths",10035695.68,24637.109920000003,"Italy -  Bricks, blocks and ceramic goods of siliceous earths"
37,380,Italy,008,Albania,23," Flour or meal, pellet of meat or offal for animal fee",9924281.339,8930.906,"Italy -  Flour or meal, pellet of meat or offal for animal fee"
38,756,"Switzerland, Liechtenstein",008,Albania,87, Pedestrian controlled tractors,9923429.816,4669.375,"Switzerland, Liechtenstein -  Pedestrian controlled tractors"
39,380,Italy,008,Albania,56," Sanitary towels, diapers and similar articles",9878137.396,2040.74948,"Italy -  Sanitary towels, diapers and similar articles"
40,840,United States of America,008,Albania,87, Pedestrian controlled tractors,9766318.516,1886.07478,United States of America -  Pedestrian controlled tractors
41,156,China,008,Albania,62," Mens, boys overcoats of wool or hair, not knit",9538964.511,419.29939,"China -  Mens, boys overcoats of wool or hair, not knit"
42,380,Italy,008,Albania,63, Electric blankets of textile material,9111415.761,6479.71194,Italy -  Electric blankets of textile material
43,380,Italy,008,Albania,30," Glands and other organs, dried, for therapeutic uses",9095797.75,391.19622999999996,"Italy -  Glands and other organs, dried, for therapeutic uses"
44,156,China,008,Albania,94," Seats, aircraft",8894854.249,2952.7974700000004,"China -  Seats, aircraft"
45,380,Italy,008,Albania,58," Woven pile fabric of wool or fine animal hair, w >30c",8751599.425,413.97224,"Italy -  Woven pile fabric of wool or fine animal hair, w >30c"
46,191,Croatia,008,Albania,27," Anthracite, not agglomerated",8408392.736,13016.06,"Croatia -  Anthracite, not agglomerated"
47,380,Italy,008,Albania,76," Aluminium unwrought, not alloyed",8026206.949,2607.4939,"Italy -  Aluminium unwrought, not alloyed"
48,380,Italy,008,Albania,04, Milk not concentrated nor sweetened < 1% fat,7900269.83,5581.57005,Italy -  Milk not concentrated nor sweetened < 1% fat
49,156,China,008,Albania,73, Sheet piling of iron or steel,7261502.146,4099.99734,China -  Sheet piling of iron or steel
50,156,China,008,Albania,39, Polyethylene - specific gravity <0.94 in primary form,7104000.807,3258.23029,China -  Polyethylene - specific gravity <0.94 in primary form
51,250,France,008,Albania,39, Polyethylene - specific gravity <0.94 in primary form,7087323.703,3016.5145899999998,France -  Polyethylene - specific gravity <0.94 in primary form
52,380,Italy,008,Albania,96," Worked ivory, articles of ivory",6629867.973,703.42704,"Italy -  Worked ivory, articles of ivory"
53,124,Canada,008,Albania,87, Pedestrian controlled tractors,6561020.277,1231.298349,Canada -  Pedestrian controlled tractors
54,156,China,008,Albania,40," Natural rubber latex, including prevulcanised",6255726.958,2387.82074,"China -  Natural rubber latex, including prevulcanised"
55,643,Russian Federation,008,Albania,27," Anthracite, not agglomerated",6045266.589,9308.866,"Russian Federation -  Anthracite, not agglomerated"
56,156,China,008,Albania,61," Mens, boys overcoats, etc, of wool or hair, knit",5939995.171,374.13601,"China -  Mens, boys overcoats, etc, of wool or hair, knit"
57,076,Brazil,008,Albania,09," Coffee, not roasted, not decaffeinated",5868139.299,2328.035018,"Brazil -  Coffee, not roasted, not decaffeinated"
58,380,Italy,008,Albania,20," Cucumbers,gherkins, prepared or preserved by vinegar",5598109.482,6049.67484,"Italy -  Cucumbers,gherkins, prepared or preserved by vinegar"
59,276,Germany,008,Albania,17," Raw sugar, cane",5487939.222,15360.0,"Germany -  Raw sugar, cane"
60,392,Japan,008,Albania,87, Pedestrian controlled tractors,5384006.907,2141.317767,Japan -  Pedestrian controlled tractors
61,156,China,008,Albania,64," Waterproof footwear (Wellingtons etc), metal toe cap",5147035.225,669.98778,"China -  Waterproof footwear (Wellingtons etc), metal toe cap"
62,380,Italy,008,Albania,35, Casein,5081126.019,1541.17576,Italy -  Casein
63,380,Italy,008,Albania,72," Pig iron, non-alloy, <0.5% phosphorus",4977492.528,6851.22253,"Italy -  Pig iron, non-alloy, <0.5% phosphorus"
64,156,China,008,Albania,69," Bricks, blocks and ceramic goods of siliceous earths",4976123.136,12917.745789999999,"China -  Bricks, blocks and ceramic goods of siliceous earths"
65,156,China,008,Albania,54, Sewing thread of synthetic filaments,4941358.065,1114.88154,China -  Sewing thread of synthetic filaments
66,380,Italy,008,Albania,68," Stone setts, curbstones, flagstones (except slate)",4914509.241,15159.56314,"Italy -  Stone setts, curbstones, flagstones (except slate)"
67,380,Italy,008,Albania,32, Quebracho tanning extract,4897578.176,1938.0023899999999,Italy -  Quebracho tanning extract
68,410,"Korea, Republic of",008,Albania,87, Pedestrian controlled tractors,4619433.381,574.559,"Korea, Republic of -  Pedestrian controlled tractors"
69,380,Italy,008,Albania,70," Glass cullet, waste or scrap, glass in the mass",4489702.196,3562.0395099999996,"Italy -  Glass cullet, waste or scrap, glass in the mass"
70,156,China,008,Albania,72," Pig iron, non-alloy, <0.5% phosphorus",4384844.754,5924.196,"China -  Pig iron, non-alloy, <0.5% phosphorus"
71,156,China,008,Albania,60," ""Long pile"" knit or crochet textile fabric",4332853.458,934.0831999999999,"China -  ""Long pile"" knit or crochet textile fabric"
72,380,Italy,008,Albania,08," Coconuts, fresh or dried",4319597.877,7018.032980000001,"Italy -  Coconuts, fresh or dried"
73,792,Türkiye,008,Albania,69," Bricks, blocks and ceramic goods of siliceous earths",4266521.898,16795.0968,"Türkiye -  Bricks, blocks and ceramic goods of siliceous earths"
74,156,China,008,Albania,87, Pedestrian controlled tractors,4259611.477,1277.51131,China -  Pedestrian controlled tractors
75,380,Italy,008,Albania,16," Sausages, similar products of meat, meat offal & bloo",4193475.322,747.6200600000001,"Italy -  Sausages, similar products of meat, meat offal & bloo"
76,724,Spain,008,Albania,03," Ornamental fish, live",3855850.939,1071.181,"Spain -  Ornamental fish, live"
77,380,Italy,008,Albania,38, Artificial graphite,3855043.32,2725.31126,Italy -  Artificial graphite
78,156,China,008,Albania,95," Rideable wheeled toys, dolls carriages",3675832.895,780.1047199999999,"China -  Rideable wheeled toys, dolls carriages"
79,250,France,008,Albania,87, Pedestrian controlled tractors,3557328.463,1509.76974,France -  Pedestrian controlled tractors
80,203,Czechia,008,Albania,87, Pedestrian controlled tractors,3440199.959,320.182,Czechia -  Pedestrian controlled tractors
81,380,Italy,008,Albania,55," Filament tow of nylon, polyamides",3207406.864,199.93714000000003,"Italy -  Filament tow of nylon, polyamides"
82,380,Italy,008,Albania,40," Natural rubber latex, including prevulcanised",2995636.133,553.48786,"Italy -  Natural rubber latex, including prevulcanised"
83,380,Italy,008,Albania,74, Copper mattes,2950508.278,291.58885,Italy -  Copper mattes
84,380,Italy,008,Albania,44, Fuel wood,2859339.625,6900.20181,Italy -  Fuel wood
85,380,Italy,008,Albania,90," Optical fibres, except for telecommunications",2698021.617,78.85479,"Italy -  Optical fibres, except for telecommunications"
86,056,Belgium,008,Albania,87, Pedestrian controlled tractors,2694886.289,1099.573,Belgium -  Pedestrian controlled tractors
87,156,China,008,Albania,76," Aluminium unwrought, not alloyed",2637879.079,765.4311700000001,"China -  Aluminium unwrought, not alloyed"
88,380,Italy,008,Albania,10, Durum wheat,2571359.639,3486.9303,Italy -  Durum wheat
89,218,Ecuador,008,Albania,08," Coconuts, fresh or dried",2537768.204,5301.772430999999,"Ecuador -  Coconuts, fresh or dried"
90,380,Italy,008,Albania,02," Bovine carcasses and half carcasses, fresh or chilled",2496544.508,2376.9456299999997,"Italy -  Bovine carcasses and half carcasses, fresh or chilled"
91,380,Italy,008,Albania,06," Bulbs, tubers, corms, crowns and rhizomes, dormant",2483193.953,4419.513400000001,"Italy -  Bulbs, tubers, corms, crowns and rhizomes, dormant"
92,356,India,008,Albania,69," Bricks, blocks and ceramic goods of siliceous earths",2454740.932,10502.4,"India -  Bricks, blocks and ceramic goods of siliceous earths"
93,156,China,008,Albania,63, Electric blankets of textile material,2388099.842,472.94973999999996,China -  Electric blankets of textile material
94,156,China,008,Albania,83, Padlocks of base metal,2365438.07,1043.65281,China -  Padlocks of base metal
95,076,Brazil,008,Albania,23," Flour or meal, pellet of meat or offal for animal fee",2307627.763,5900.0,"Brazil -  Flour or meal, pellet of meat or offal for animal fee"
96,792,Türkiye,008,Albania,34," Soaps, for toilet use, solid",2288348.436,3517.9388,"Türkiye -  Soaps, for toilet use, solid"
97,752,Sweden,008,Albania,87, Pedestrian controlled tractors,2260173.979,607.322,Sweden -  Pedestrian controlled tractors
98,826,United Kingdom,008,Albania,87, Pedestrian controlled tractors,2222557.712,689.00123,United Kingdom -  Pedestrian controlled tractors
99,380,Italy,008,Albania,15," Lard, other pig fat and poultry fat, rendered",2212927.789,1240.15001,"Italy -  Lard, other pig fat and poultry fat, rendered"
100,380,Italy,008,Albania,51," Greasy shorn wool, not carded or combed",2152392.946,104.92292,"Italy -  Greasy shorn wool, not carded or combed"
101,156,China,008,Albania,70," Glass cullet, waste or scrap, glass in the mass",2106505.937,1681.01655,"China -  Glass cullet, waste or scrap, glass in the mass"
102,156,China,008,Albania,42," Saddlery and harness, of any material",2045466.697,361.17752,"China -  Saddlery and harness, of any material"
103,380,Italy,008,Albania,82, Spades and shovels,2008836.556,148.90746,Italy -  Spades and shovels
104,792,Türkiye,008,Albania,62," Mens, boys overcoats of wool or hair, not knit",1975013.677,213.45486,"Türkiye -  Mens, boys overcoats of wool or hair, not knit"
105,840,United States of America,008,Albania,02," Bovine carcasses and half carcasses, fresh or chilled",1942528.058,2300.6957599999996,"United States of America -  Bovine carcasses and half carcasses, fresh or chilled"
106,380,Italy,008,Albania,18," Cocoa beans, whole or broken, raw or roasted",1860267.202,327.88525,"Italy -  Cocoa beans, whole or broken, raw or roasted"
107,156,China,008,Albania,48, Newsprint,1825873.843,1518.23624,China -  Newsprint
108,156,China,008,Albania,90," Optical fibres, except for telecommunications",1769691.673,285.63581,"China -  Optical fibres, except for telecommunications"
109,792,Türkiye,008,Albania,72," Pig iron, non-alloy, <0.5% phosphorus",1658683.658,2775.805,"Türkiye -  Pig iron, non-alloy, <0.5% phosphorus"
110,528,Netherlands (Kingdom of the),008,Albania,87, Pedestrian controlled tractors,1448895.287,669.713,Netherlands (Kingdom of the) -  Pedestrian controlled tractors
111,250,France,008,Albania,27," Anthracite, not agglomerated",1409648.555,2013.7071,"France -  Anthracite, not agglomerated"
112,156,China,008,Albania,82, Spades and shovels,1358062.01,587.56718,China -  Spades and shovels
113,380,Italy,008,Albania,53," Flax fibre, raw or retted",1303836.216,41.06091000000001,"Italy -  Flax fibre, raw or retted"
114,156,China,008,Albania,96," Worked ivory, articles of ivory",1269927.038,352.15059,"China -  Worked ivory, articles of ivory"
115,380,Italy,008,Albania,49," Brochures, leaflets and similar, in single sheets",1238333.509,96.52855000000001,"Italy -  Brochures, leaflets and similar, in single sheets"
116,356,India,008,Albania,09," Coffee, not roasted, not decaffeinated",1219546.988,604.4685,"India -  Coffee, not roasted, not decaffeinated"
117,356,India,008,Albania,68," Stone setts, curbstones, flagstones (except slate)",1208401.462,3304.59,"India -  Stone setts, curbstones, flagstones (except slate)"
118,380,Italy,008,Albania,42," Saddlery and harness, of any material",1188663.759,46.94923,"Italy -  Saddlery and harness, of any material"
119,380,Italy,008,Albania,07," Potatoes seed, fresh or chilled",1124257.881,1577.75017,"Italy -  Potatoes seed, fresh or chilled"
120,276,Germany,008,Albania,84, Nuclear reactors,1122806.436,1264.8735900000001,Germany -  Nuclear reactors
121,380,Italy,008,Albania,11, Wheat or meslin flour,1081066.659,2379.14444,Italy -  Wheat or meslin flour
122,380,Italy,008,Albania,03," Ornamental fish, live",1072971.655,366.50351,"Italy -  Ornamental fish, live"
123,156,China,008,Albania,44, Fuel wood,1070957.392,1252.66333,China -  Fuel wood
124,156,China,008,Albania,59, Gum or amylaceous covered textiles for book covers et,1059938.671,176.13657999999998,China -  Gum or amylaceous covered textiles for book covers et
125,724,Spain,008,Albania,87, Pedestrian controlled tractors,1057624.737,201.51951,Spain -  Pedestrian controlled tractors
126,380,Italy,008,Albania,28, Chlorine,1041880.503,2417.75411,Italy -  Chlorine
127,250,France,008,Albania,17," Raw sugar, cane",1020345.855,2688.0,"France -  Raw sugar, cane"
128,156,China,008,Albania,68," Stone setts, curbstones, flagstones (except slate)",959209.643,3559.58092,"China -  Stone setts, curbstones, flagstones (except slate)"
129,050,Bangladesh,008,Albania,61," Mens, boys overcoats, etc, of wool or hair, knit",955169.774,36.70297,"Bangladesh -  Mens, boys overcoats, etc, of wool or hair, knit"
130,360,Indonesia,008,Albania,48, Newsprint,899509.693,1044.617,Indonesia -  Newsprint
131,528,Netherlands (Kingdom of the),008,Albania,84, Nuclear reactors,867393.958,300.511,Netherlands (Kingdom of the) -  Nuclear reactors
132,032,Argentina,008,Albania,03," Ornamental fish, live",853645.062,106.488,"Argentina -  Ornamental fish, live"
133,792,Türkiye,008,Albania,85, Electric motors of an output < 37.5 watts,846607.384,223.18782000000002,Türkiye -  Electric motors of an output < 37.5 watts
134,704,Viet Nam,008,Albania,09," Coffee, not roasted, not decaffeinated",802733.805,421.56,"Viet Nam -  Coffee, not roasted, not decaffeinated"
135,724,Spain,008,Albania,15," Lard, other pig fat and poultry fat, rendered",765865.91,209.38,"Spain -  Lard, other pig fat and poultry fat, rendered"
136,156,China,008,Albania,67," Bird skins and feathers, articles therefrom",753573.731,167.69235,"China -  Bird skins and feathers, articles therefrom"
137,792,Türkiye,008,Albania,60," ""Long pile"" knit or crochet textile fabric",745032.031,132.69629999999998,"Türkiye -  ""Long pile"" knit or crochet textile fabric"
138,458,Malaysia,008,Albania,15," Lard, other pig fat and poultry fat, rendered",719249.236,1010.976,"Malaysia -  Lard, other pig fat and poultry fat, rendered"
139,380,Italy,008,Albania,17," Raw sugar, cane",677925.226,190.4896,"Italy -  Raw sugar, cane"
140,586,Pakistan,008,Albania,10, Durum wheat,636993.346,1458.588,Pakistan -  Durum wheat
141,840,United States of America,008,Albania,84, Nuclear reactors,634634.586,78.189923,United States of America -  Nuclear reactors
142,158,"China, Taiwan Province of",008,Albania,39, Polyethylene - specific gravity <0.94 in primary form,633177.59,408.07026,"China, Taiwan Province of -  Polyethylene - specific gravity <0.94 in primary form"
143,156,China,008,Albania,41," Bovine skins, whole, raw",604256.404,22.14566,"China -  Bovine skins, whole, raw"
144,784,United Arab Emirates,008,Albania,87, Pedestrian controlled tractors,601030.82,123.889,United Arab Emirates -  Pedestrian controlled tractors
145,380,Italy,008,Albania,95," Rideable wheeled toys, dolls carriages",595159.993,123.20045,"Italy -  Rideable wheeled toys, dolls carriages"
146,380,Italy,008,Albania,31," Animal or vegetable fertilizers, in packs >10 kg",580997.635,1093.0486,"Italy -  Animal or vegetable fertilizers, in packs >10 kg"
147,276,Germany,008,Albania,27," Anthracite, not agglomerated",545638.596,2597.4622999999997,"Germany -  Anthracite, not agglomerated"
148,276,Germany,008,Albania,33, Essential oils of bergamot,538436.531,139.02,Germany -  Essential oils of bergamot
149,380,Italy,008,Albania,25," Salt (sodium chloride) including solution, salt water",536235.155,4771.375599999999,"Italy -  Salt (sodium chloride) including solution, salt water"
150,392,Japan,008,Albania,84, Nuclear reactors,492928.861,124.139713,Japan -  Nuclear reactors
151,380,Italy,008,Albania,50, Silk-worm cocoons suitable for reeling,488535.22,2.40069,Italy -  Silk-worm cocoons suitable for reeling
152,792,Türkiye,008,Albania,54, Sewing thread of synthetic filaments,484021.653,23.30441,Türkiye -  Sewing thread of synthetic filaments
153,156,China,008,Albania,30," Glands and other organs, dried, for therapeutic uses",463553.136,72.19441,"China -  Glands and other organs, dried, for therapeutic uses"
154,156,China,008,Albania,29, Saturated acyclic hydrocarbons,451998.054,349.903,China -  Saturated acyclic hydrocarbons
155,724,Spain,008,Albania,68," Stone setts, curbstones, flagstones (except slate)",437892.801,1447.524,"Spain -  Stone setts, curbstones, flagstones (except slate)"
156,032,Argentina,008,Albania,08," Coconuts, fresh or dried",432144.74,587.66694,"Argentina -  Coconuts, fresh or dried"
157,156,China,008,Albania,38, Artificial graphite,403261.663,208.6745,China -  Artificial graphite
158,156,China,008,Albania,58," Woven pile fabric of wool or fine animal hair, w >30c",388307.04,48.83484,"China -  Woven pile fabric of wool or fine animal hair, w >30c"
159,170,Colombia,008,Albania,08," Coconuts, fresh or dried",383428.599,723.514491,"Colombia -  Coconuts, fresh or dried"
160,826,United Kingdom,008,Albania,02," Bovine carcasses and half carcasses, fresh or chilled",365092.235,409.135,"United Kingdom -  Bovine carcasses and half carcasses, fresh or chilled"
161,792,Türkiye,008,Albania,31," Animal or vegetable fertilizers, in packs >10 kg",352139.796,825.866,"Türkiye -  Animal or vegetable fertilizers, in packs >10 kg"
162,764,Thailand,008,Albania,84, Nuclear reactors,341861.565,32.5462,Thailand -  Nuclear reactors
163,360,Indonesia,008,Albania,15," Lard, other pig fat and poultry fat, rendered",341496.753,489.28,"Indonesia -  Lard, other pig fat and poultry fat, rendered"
164,156,China,008,Albania,55," Filament tow of nylon, polyamides",336951.492,323.2856,"China -  Filament tow of nylon, polyamides"
165,528,Netherlands (Kingdom of the),008,Albania,06," Bulbs, tubers, corms, crowns and rhizomes, dormant",335380.867,134.35,"Netherlands (Kingdom of the) -  Bulbs, tubers, corms, crowns and rhizomes, dormant"
166,156,China,008,Albania,56," Sanitary towels, diapers and similar articles",332901.111,149.31292000000002,"China -  Sanitary towels, diapers and similar articles"
167,380,Italy,008,Albania,12, Soya beans,329918.432,166.11937,Italy -  Soya beans
168,792,Türkiye,008,Albania,03," Ornamental fish, live",329079.487,8.25,"Türkiye -  Ornamental fish, live"
169,792,Türkiye,008,Albania,96," Worked ivory, articles of ivory",328952.451,90.32735000000001,"Türkiye -  Worked ivory, articles of ivory"
170,032,Argentina,008,Albania,23," Flour or meal, pellet of meat or offal for animal fee",319519.242,1154.8222420000002,"Argentina -  Flour or meal, pellet of meat or offal for animal fee"
171,840,United States of America,008,Albania,33, Essential oils of bergamot,317884.004,12.745129,United States of America -  Essential oils of bergamot
172,724,Spain,008,Albania,84, Nuclear reactors,316885.391,87.913,Spain -  Nuclear reactors
173,156,China,008,Albania,32, Quebracho tanning extract,313420.46,100.13694,China -  Quebracho tanning extract
174,458,Malaysia,008,Albania,40," Natural rubber latex, including prevulcanised",311360.189,83.11362,"Malaysia -  Natural rubber latex, including prevulcanised"
175,724,Spain,008,Albania,31," Animal or vegetable fertilizers, in packs >10 kg",306215.577,178.924,"Spain -  Animal or vegetable fertilizers, in packs >10 kg"
176,156,China,008,Albania,35, Casein,298249.032,117.87389999999999,China -  Casein
177,348,Hungary,008,Albania,15," Lard, other pig fat and poultry fat, rendered",296333.656,332.756399,"Hungary -  Lard, other pig fat and poultry fat, rendered"
178,792,Türkiye,008,Albania,19," Infant foods of cereals, flour, starch or milk, retai",295768.633,626.4,"Türkiye -  Infant foods of cereals, flour, starch or milk, retai"
179,156,China,008,Albania,66, Garden and similar umbrellas,295687.272,103.73664,China -  Garden and similar umbrellas
180,156,China,008,Albania,49," Brochures, leaflets and similar, in single sheets",294437.922,51.233839999999994,"China -  Brochures, leaflets and similar, in single sheets"
181,050,Bangladesh,008,Albania,62," Mens, boys overcoats of wool or hair, not knit",275757.741,12.3879,"Bangladesh -  Mens, boys overcoats of wool or hair, not knit"
182,156,China,008,Albania,52," Cotton, not carded or combed",271335.449,37.43262,"China -  Cotton, not carded or combed"
183,276,Germany,008,Albania,63, Electric blankets of textile material,267156.654,249.90647,Germany -  Electric blankets of textile material
184,764,Thailand,008,Albania,16," Sausages, similar products of meat, meat offal & bloo",266795.454,87.852,"Thailand -  Sausages, similar products of meat, meat offal & bloo"
185,724,Spain,008,Albania,64," Waterproof footwear (Wellingtons etc), metal toe cap",265139.923,43.40494,"Spain -  Waterproof footwear (Wellingtons etc), metal toe cap"
186,156,China,008,Albania,65," Hat-forms, etc of felt, not shaped, no formed brim",263121.316,45.81166,"China -  Hat-forms, etc of felt, not shaped, no formed brim"
187,276,Germany,008,Albania,73, Sheet piling of iron or steel,255388.518,3.023,Germany -  Sheet piling of iron or steel
188,380,Italy,008,Albania,89," Cruise ships, excursion boats, ferry boats",254692.315,115.2376,"Italy -  Cruise ships, excursion boats, ferry boats"
189,792,Türkiye,008,Albania,84, Nuclear reactors,236873.223,91.77568,Türkiye -  Nuclear reactors
190,380,Italy,008,Albania,71," Pearls natural, not permanently mounted or set",234756.336,12.07859,"Italy -  Pearls natural, not permanently mounted or set"
191,792,Türkiye,008,Albania,39, Polyethylene - specific gravity <0.94 in primary form,233695.52,238.94298999999998,Türkiye -  Polyethylene - specific gravity <0.94 in primary form
192,156,China,008,Albania,33, Essential oils of bergamot,230860.384,65.09056,China -  Essential oils of bergamot
193,840,United States of America,008,Albania,08," Coconuts, fresh or dried",230540.735,35.820391,"United States of America -  Coconuts, fresh or dried"
194,840,United States of America,008,Albania,90," Optical fibres, except for telecommunications",222527.262,4.097517,"United States of America -  Optical fibres, except for telecommunications"
195,818,Egypt,008,Albania,07," Potatoes seed, fresh or chilled",221152.14,220.0,"Egypt -  Potatoes seed, fresh or chilled"
196,840,United States of America,008,Albania,39, Polyethylene - specific gravity <0.94 in primary form,218436.793,46.200472999999995,United States of America -  Polyethylene - specific gravity <0.94 in primary form
197,840,United States of America,008,Albania,21," Coffee extracts, essences, concentrates, preparations",216859.348,6.434188,"United States of America -  Coffee extracts, essences, concentrates, preparations"
198,040,Austria,008,Albania,87, Pedestrian controlled tractors,215124.832,91.615,Austria -  Pedestrian controlled tractors
199,724,Spain,008,Albania,41," Bovine skins, whole, raw",214181.657,9.00248,"Spain -  Bovine skins, whole, raw"
200,484,Mexico,008,Albania,22, Mineral and aerated waters not sweetened or flavoured,211926.596,160.02216099999998,Mexico -  Mineral and aerated waters not sweetened or flavoured
201,380,Italy,008,Albania,29, Saturated acyclic hydrocarbons,207385.481,95.898394,Italy -  Saturated acyclic hydrocarbons
202,156,China,008,Albania,34," Soaps, for toilet use, solid",205550.762,122.93032000000001,"China -  Soaps, for toilet use, solid"
203,250,France,008,Albania,33, Essential oils of bergamot,201981.08,33.74837,France -  Essential oils of bergamot
204,170,Colombia,008,Albania,09," Coffee, not roasted, not decaffeinated",183596.301,59.617674,"Colombia -  Coffee, not roasted, not decaffeinated"
205,840,United States of America,008,Albania,85, Electric motors of an output < 37.5 watts,182876.049,2.622601,United States of America -  Electric motors of an output < 37.5 watts
206,276,Germany,008,Albania,96," Worked ivory, articles of ivory",177428.667,42.99245,"Germany -  Worked ivory, articles of ivory"
207,578,Norway,008,Albania,03," Ornamental fish, live",173529.723,22.487299999999998,"Norway -  Ornamental fish, live"
208,724,Spain,008,Albania,94," Seats, aircraft",172487.4,49.75904,"Spain -  Seats, aircraft"
209,188,Costa Rica,008,Albania,08," Coconuts, fresh or dried",171047.735,171.713539,"Costa Rica -  Coconuts, fresh or dried"
210,504,Morocco,008,Albania,16," Sausages, similar products of meat, meat offal & bloo",169046.017,65.0,"Morocco -  Sausages, similar products of meat, meat offal & bloo"
211,792,Türkiye,008,Albania,52," Cotton, not carded or combed",165950.067,9.315290000000001,"Türkiye -  Cotton, not carded or combed"
212,380,Italy,008,Albania,05," Hair, human, unworked, waste of human hair",162188.319,207.631,"Italy -  Hair, human, unworked, waste of human hair"
213,376,Israel,008,Albania,12, Soya beans,145058.256,0.018254000000000003,Israel -  Soya beans
214,276,Germany,008,Albania,85, Electric motors of an output < 37.5 watts,141264.782,235.72306,Germany -  Electric motors of an output < 37.5 watts
215,250,France,008,Albania,22, Mineral and aerated waters not sweetened or flavoured,140100.649,7.8121,France -  Mineral and aerated waters not sweetened or flavoured
216,250,France,008,Albania,84, Nuclear reactors,135240.971,84.969,France -  Nuclear reactors
217,688,Serbia,008,Albania,61," Mens, boys overcoats, etc, of wool or hair, knit",132000.73,8.724020000000001,"Serbia -  Mens, boys overcoats, etc, of wool or hair, knit"
218,840,United States of America,008,Albania,40," Natural rubber latex, including prevulcanised",129632.685,14.197102999999998,"United States of America -  Natural rubber latex, including prevulcanised"
219,724,Spain,008,Albania,73, Sheet piling of iron or steel,126542.826,108.2466,Spain -  Sheet piling of iron or steel
220,380,Italy,008,Albania,37, X-ray plates and films,123958.029,19.513,Italy -  X-ray plates and films
221,276,Germany,008,Albania,40," Natural rubber latex, including prevulcanised",122924.375,15.75049,"Germany -  Natural rubber latex, including prevulcanised"
222,392,Japan,008,Albania,37, X-ray plates and films,118998.584,3.933221,Japan -  X-ray plates and films
223,156,China,008,Albania,91," Wrist-watch, precious metal, battery, with hands",118801.576,39.75232,"China -  Wrist-watch, precious metal, battery, with hands"
224,250,France,008,Albania,88," Gliders, hang gliders",115595.9,0.179407,"France -  Gliders, hang gliders"
225,826,United Kingdom,008,Albania,22, Mineral and aerated waters not sweetened or flavoured,113926.778,12.022200000000002,United Kingdom -  Mineral and aerated waters not sweetened or flavoured
226,156,China,008,Albania,07," Potatoes seed, fresh or chilled",113570.017,158.95,"China -  Potatoes seed, fresh or chilled"
227,356,India,008,Albania,61," Mens, boys overcoats, etc, of wool or hair, knit",113305.012,5.04917,"India -  Mens, boys overcoats, etc, of wool or hair, knit"
228,124,Canada,008,Albania,07," Potatoes seed, fresh or chilled",108986.22,149.027965,"Canada -  Potatoes seed, fresh or chilled"
229,156,China,008,Albania,71," Pearls natural, not permanently mounted or set",104465.197,5.46761,"China -  Pearls natural, not permanently mounted or set"
230,392,Japan,008,Albania,54, Sewing thread of synthetic filaments,103509.847,3.02111,Japan -  Sewing thread of synthetic filaments
231,724,Spain,008,Albania,22, Mineral and aerated waters not sweetened or flavoured,99300.29,53.751,Spain -  Mineral and aerated waters not sweetened or flavoured
232,250,France,008,Albania,10, Durum wheat,96792.773,49.970699999999994,France -  Durum wheat
233,528,Netherlands (Kingdom of the),008,Albania,02," Bovine carcasses and half carcasses, fresh or chilled",90819.335,96.1,"Netherlands (Kingdom of the) -  Bovine carcasses and half carcasses, fresh or chilled"
234,792,Türkiye,008,Albania,17," Raw sugar, cane",89346.043,210.0,"Türkiye -  Raw sugar, cane"
235,158,"China, Taiwan Province of",008,Albania,87, Pedestrian controlled tractors,87243.174,14.81452,"China, Taiwan Province of -  Pedestrian controlled tractors"
236,840,United States of America,008,Albania,38, Artificial graphite,84089.823,5.740004,United States of America -  Artificial graphite
237,840,United States of America,008,Albania,12, Soya beans,82892.759,0.36343200000000003,United States of America -  Soya beans
238,156,China,008,Albania,53," Flax fibre, raw or retted",81536.886,2.83253,"China -  Flax fibre, raw or retted"
239,826,United Kingdom,008,Albania,63, Electric blankets of textile material,76619.422,74.616,United Kingdom -  Electric blankets of textile material
240,056,Belgium,008,Albania,31," Animal or vegetable fertilizers, in packs >10 kg",75525.697,67.2,"Belgium -  Animal or vegetable fertilizers, in packs >10 kg"
241,616,Poland,008,Albania,87, Pedestrian controlled tractors,72566.314,14.136790000000001,Poland -  Pedestrian controlled tractors
242,276,Germany,008,Albania,34," Soaps, for toilet use, solid",70086.559,18.19236,"Germany -  Soaps, for toilet use, solid"
243,826,United Kingdom,008,Albania,84, Nuclear reactors,69412.135,33.719660000000005,United Kingdom -  Nuclear reactors
244,356,India,008,Albania,54, Sewing thread of synthetic filaments,68463.785,4.037,India -  Sewing thread of synthetic filaments
245,840,United States of America,008,Albania,59, Gum or amylaceous covered textiles for book covers et,65028.133,0.8803110000000001,United States of America -  Gum or amylaceous covered textiles for book covers et
246,056,Belgium,008,Albania,15," Lard, other pig fat and poultry fat, rendered",61736.876,39.981,"Belgium -  Lard, other pig fat and poultry fat, rendered"
247,840,United States of America,008,Albania,27," Anthracite, not agglomerated",61225.1,8.936482,"United States of America -  Anthracite, not agglomerated"
248,642,Romania,008,Albania,85, Electric motors of an output < 37.5 watts,60597.535,10.491677,Romania -  Electric motors of an output < 37.5 watts
249,724,Spain,008,Albania,06," Bulbs, tubers, corms, crowns and rhizomes, dormant",60443.473,185.355,"Spain -  Bulbs, tubers, corms, crowns and rhizomes, dormant"
250,642,Romania,008,Albania,39, Polyethylene - specific gravity <0.94 in primary form,56333.923,16.322680000000002,Romania -  Polyethylene - specific gravity <0.94 in primary form
251,392,Japan,008,Albania,85, Electric motors of an output < 37.5 watts,53757.56,2.94306,Japan -  Electric motors of an output < 37.5 watts
252,792,Türkiye,008,Albania,73, Sheet piling of iron or steel,52720.663,47.766,Türkiye -  Sheet piling of iron or steel
253,792,Türkiye,008,Albania,87, Pedestrian controlled tractors,51026.271,7.541180000000001,Türkiye -  Pedestrian controlled tractors
254,076,Brazil,008,Albania,08," Coconuts, fresh or dried",49780.98,32.470247,"Brazil -  Coconuts, fresh or dried"
255,380,Italy,008,Albania,66, Garden and similar umbrellas,47262.567,41.48652,Italy -  Garden and similar umbrellas
256,724,Spain,008,Albania,30," Glands and other organs, dried, for therapeutic uses",46956.288,2.25563,"Spain -  Glands and other organs, dried, for therapeutic uses"
257,380,Italy,008,Albania,57," Carpets of wool or fine animal hair, knotted",46178.437,3.5181799999999996,"Italy -  Carpets of wool or fine animal hair, knotted"
258,840,United States of America,008,Albania,20," Cucumbers,gherkins, prepared or preserved by vinegar",46176.625,3.75825,"United States of America -  Cucumbers,gherkins, prepared or preserved by vinegar"
259,392,Japan,008,Albania,32, Quebracho tanning extract,45955.38,2.865607,Japan -  Quebracho tanning extract
260,056,Belgium,008,Albania,84, Nuclear reactors,44522.846,43.52,Belgium -  Nuclear reactors
261,250,France,008,Albania,40," Natural rubber latex, including prevulcanised",44501.563,5.92284,"France -  Natural rubber latex, including prevulcanised"
262,040,Austria,008,Albania,21," Coffee extracts, essences, concentrates, preparations",43826.343,0.298,"Austria -  Coffee extracts, essences, concentrates, preparations"
263,724,Spain,008,Albania,83, Padlocks of base metal,43472.892,9.838,Spain -  Padlocks of base metal
264,528,Netherlands (Kingdom of the),008,Albania,22, Mineral and aerated waters not sweetened or flavoured,43136.362,11.4788,Netherlands (Kingdom of the) -  Mineral and aerated waters not sweetened or flavoured
265,620,Portugal,008,Albania,63, Electric blankets of textile material,42145.831,8.656649999999999,Portugal -  Electric blankets of textile material
266,380,Italy,008,Albania,79," Zinc, not alloyed, unwrought, >99% pure",41444.363,18.82,"Italy -  Zinc, not alloyed, unwrought, >99% pure"
267,380,Italy,008,Albania,65," Hat-forms, etc of felt, not shaped, no formed brim",39515.195,1.73427,"Italy -  Hat-forms, etc of felt, not shaped, no formed brim"
268,724,Spain,008,Albania,33, Essential oils of bergamot,38638.26,16.08947,Spain -  Essential oils of bergamot
269,528,Netherlands (Kingdom of the),008,Albania,31," Animal or vegetable fertilizers, in packs >10 kg",37716.018,48.0,"Netherlands (Kingdom of the) -  Animal or vegetable fertilizers, in packs >10 kg"
270,800,Uganda,008,Albania,09," Coffee, not roasted, not decaffeinated",37702.462,19.2,"Uganda -  Coffee, not roasted, not decaffeinated"
271,840,United States of America,008,Albania,34," Soaps, for toilet use, solid",37068.146,6.704187,"United States of America -  Soaps, for toilet use, solid"
272,380,Italy,008,Albania,86," Rail locomotives, externally electrically powered",37031.426,48.9816,"Italy -  Rail locomotives, externally electrically powered"
273,156,China,008,Albania,86," Rail locomotives, externally electrically powered",36995.648,10.153,"China -  Rail locomotives, externally electrically powered"
274,344,"China, Hong Kong SAR",008,Albania,85, Electric motors of an output < 37.5 watts,36696.144,0.028737,"China, Hong Kong SAR -  Electric motors of an output < 37.5 watts"
275,208,Denmark,008,Albania,87, Pedestrian controlled tractors,36619.406,10.996,Denmark -  Pedestrian controlled tractors
276,356,India,008,Albania,62," Mens, boys overcoats of wool or hair, not knit",36133.375,0.6381699999999999,"India -  Mens, boys overcoats of wool or hair, not knit"
277,586,Pakistan,008,Albania,62," Mens, boys overcoats of wool or hair, not knit",33534.956,1.1478199999999998,"Pakistan -  Mens, boys overcoats of wool or hair, not knit"
278,056,Belgium,008,Albania,20," Cucumbers,gherkins, prepared or preserved by vinegar",33315.86,64.8,"Belgium -  Cucumbers,gherkins, prepared or preserved by vinegar"
279,124,Canada,008,Albania,84, Nuclear reactors,32559.6,1.9170440000000002,Canada -  Nuclear reactors
280,428,Latvia,008,Albania,27," Anthracite, not agglomerated",32396.898,198.325,"Latvia -  Anthracite, not agglomerated"
281,392,Japan,008,Albania,40," Natural rubber latex, including prevulcanised",32395.373,4.8242780000000005,"Japan -  Natural rubber latex, including prevulcanised"
282,380,Italy,008,Albania,78, Lead refined unwrought,32290.058,9.8574,Italy -  Lead refined unwrought
283,840,United States of America,008,Albania,58," Woven pile fabric of wool or fine animal hair, w >30c",32174.79,1.268385,"United States of America -  Woven pile fabric of wool or fine animal hair, w >30c"
284,484,Mexico,008,Albania,87, Pedestrian controlled tractors,31330.001,2.6838859999999998,Mexico -  Pedestrian controlled tractors
285,724,Spain,008,Albania,34," Soaps, for toilet use, solid",31158.91,18.577599999999997,"Spain -  Soaps, for toilet use, solid"
286,840,United States of America,008,Albania,73, Sheet piling of iron or steel,30147.13,1.846818,United States of America -  Sheet piling of iron or steel
287,410,"Korea, Republic of",008,Albania,29, Saturated acyclic hydrocarbons,30058.458,20.0,"Korea, Republic of -  Saturated acyclic hydrocarbons"
288,380,Italy,008,Albania,45," Natural cork, raw or simply prepared",29854.64,6.12986,"Italy -  Natural cork, raw or simply prepared"
289,724,Spain,008,Albania,70," Glass cullet, waste or scrap, glass in the mass",29300.32,22.076,"Spain -  Glass cullet, waste or scrap, glass in the mass"
290,158,"China, Taiwan Province of",008,Albania,73, Sheet piling of iron or steel,28876.188,16.72315,"China, Taiwan Province of -  Sheet piling of iron or steel"
291,840,United States of America,008,Albania,35, Casein,28871.723,4.07174,United States of America -  Casein
292,276,Germany,008,Albania,22, Mineral and aerated waters not sweetened or flavoured,28367.813,15.6,Germany -  Mineral and aerated waters not sweetened or flavoured
293,233,Estonia,008,Albania,27," Anthracite, not agglomerated",28270.639,168.09,"Estonia -  Anthracite, not agglomerated"
294,156,China,008,Albania,37, X-ray plates and films,28206.389,1.6475,China -  X-ray plates and films
295,156,China,008,Albania,46, Plaits and products of plaiting materials,28014.729,4.95322,China -  Plaits and products of plaiting materials
296,442,Luxembourg,008,Albania,87, Pedestrian controlled tractors,27546.003,7.7,Luxembourg -  Pedestrian controlled tractors
297,158,"China, Taiwan Province of",008,Albania,82, Spades and shovels,26860.011,7.38604,"China, Taiwan Province of -  Spades and shovels"
298,840,United States of America,008,Albania,95," Rideable wheeled toys, dolls carriages",26709.463,2.75669,"United States of America -  Rideable wheeled toys, dolls carriages"
299,484,Mexico,008,Albania,84, Nuclear reactors,25700.246,4.205314,Mexico -  Nuclear reactors
300,380,Italy,008,Albania,91," Wrist-watch, precious metal, battery, with hands",22800.399,0.22186,"Italy -  Wrist-watch, precious metal, battery, with hands"
301,484,Mexico,008,Albania,85, Electric motors of an output < 37.5 watts,22797.012,0.172557,Mexico -  Electric motors of an output < 37.5 watts
302,156,China,008,Albania,57," Carpets of wool or fine animal hair, knotted",22616.245,10.90016,"China -  Carpets of wool or fine animal hair, knotted"
303,840,United States of America,008,Albania,89," Cruise ships, excursion boats, ferry boats",22544.833,0.755,"United States of America -  Cruise ships, excursion boats, ferry boats"
304,586,Pakistan,008,Albania,63, Electric blankets of textile material,22505.685,3.987,Pakistan -  Electric blankets of textile material
305,250,France,008,Albania,04, Milk not concentrated nor sweetened < 1% fat,21265.7,11.25,France -  Milk not concentrated nor sweetened < 1% fat
306,724,Spain,008,Albania,39, Polyethylene - specific gravity <0.94 in primary form,21248.429,1.16103,Spain -  Polyethylene - specific gravity <0.94 in primary form
307,276,Germany,008,Albania,18," Cocoa beans, whole or broken, raw or roasted",21070.028,6.59668,"Germany -  Cocoa beans, whole or broken, raw or roasted"
308,840,United States of America,008,Albania,49," Brochures, leaflets and similar, in single sheets",19652.57,1.575468,"United States of America -  Brochures, leaflets and similar, in single sheets"
309,158,"China, Taiwan Province of",008,Albania,85, Electric motors of an output < 37.5 watts,19589.141,1.13358,"China, Taiwan Province of -  Electric motors of an output < 37.5 watts"
310,704,Viet Nam,008,Albania,61," Mens, boys overcoats, etc, of wool or hair, knit",19368.009,0.251,"Viet Nam -  Mens, boys overcoats, etc, of wool or hair, knit"
311,608,Philippines,008,Albania,85, Electric motors of an output < 37.5 watts,19358.089,3.107274,Philippines -  Electric motors of an output < 37.5 watts
312,792,Türkiye,008,Albania,25," Salt (sodium chloride) including solution, salt water",19335.111,103.06,"Türkiye -  Salt (sodium chloride) including solution, salt water"
313,788,Tunisia,008,Albania,62," Mens, boys overcoats of wool or hair, not knit",18571.816,0.12594,"Tunisia -  Mens, boys overcoats of wool or hair, not knit"
314,340,Honduras,008,Albania,09," Coffee, not roasted, not decaffeinated",16831.515,4.9178999999999995,"Honduras -  Coffee, not roasted, not decaffeinated"
315,792,Türkiye,008,Albania,40," Natural rubber latex, including prevulcanised",16644.884,3.45133,"Türkiye -  Natural rubber latex, including prevulcanised"
316,792,Türkiye,008,Albania,33, Essential oils of bergamot,16158.224,2.6734,Türkiye -  Essential oils of bergamot
317,076,Brazil,008,Albania,64," Waterproof footwear (Wellingtons etc), metal toe cap",15676.434,0.914917,"Brazil -  Waterproof footwear (Wellingtons etc), metal toe cap"
318,620,Portugal,008,Albania,61," Mens, boys overcoats, etc, of wool or hair, knit",14560.191,0.19653,"Portugal -  Mens, boys overcoats, etc, of wool or hair, knit"
319,156,China,008,Albania,28, Chlorine,14551.005,25.0,China -  Chlorine
320,356,India,008,Albania,42," Saddlery and harness, of any material",12935.008,0.06767000000000001,"India -  Saddlery and harness, of any material"
321,392,Japan,008,Albania,90," Optical fibres, except for telecommunications",12509.997,0.319015,"Japan -  Optical fibres, except for telecommunications"
322,724,Spain,008,Albania,62," Mens, boys overcoats of wool or hair, not knit",12176.199,1.76065,"Spain -  Mens, boys overcoats of wool or hair, not knit"
323,156,China,008,Albania,74, Copper mattes,12047.868,0.33527999999999997,China -  Copper mattes
324,276,Germany,008,Albania,70," Glass cullet, waste or scrap, glass in the mass",11900.279,2.3181700000000003,"Germany -  Glass cullet, waste or scrap, glass in the mass"
325,032,Argentina,008,Albania,20," Cucumbers,gherkins, prepared or preserved by vinegar",11582.006,5.465631999999999,"Argentina -  Cucumbers,gherkins, prepared or preserved by vinegar"
326,032,Argentina,008,Albania,87, Pedestrian controlled tractors,11246.767,3.071616,Argentina -  Pedestrian controlled tractors
327,642,Romania,008,Albania,62," Mens, boys overcoats of wool or hair, not knit",11208.937,0.14857800000000002,"Romania -  Mens, boys overcoats of wool or hair, not knit"
328,392,Japan,008,Albania,38, Artificial graphite,11201.086,0.43949400000000005,Japan -  Artificial graphite
329,076,Brazil,008,Albania,40," Natural rubber latex, including prevulcanised",11047.838,0.785883,"Brazil -  Natural rubber latex, including prevulcanised"
330,100,Bulgaria,008,Albania,62," Mens, boys overcoats of wool or hair, not knit",11030.597,0.062240000000000004,"Bulgaria -  Mens, boys overcoats of wool or hair, not knit"
331,792,Türkiye,008,Albania,58," Woven pile fabric of wool or fine animal hair, w >30c",10995.909,0.62281,"Türkiye -  Woven pile fabric of wool or fine animal hair, w >30c"
332,380,Italy,008,Albania,43," Raw mink furskins, whole",10738.127,0.08378000000000001,"Italy -  Raw mink furskins, whole"
333,499,Montenegro,008,Albania,22, Mineral and aerated waters not sweetened or flavoured,10536.151,0.157,Montenegro -  Mineral and aerated waters not sweetened or flavoured
334,792,Türkiye,008,Albania,48, Newsprint,10406.887,2.15814,Türkiye -  Newsprint
335,826,United Kingdom,008,Albania,34," Soaps, for toilet use, solid",10065.001,14.61,"United Kingdom -  Soaps, for toilet use, solid"
336,116,Cambodia,008,Albania,61," Mens, boys overcoats, etc, of wool or hair, knit",9877.687,0.10624,"Cambodia -  Mens, boys overcoats, etc, of wool or hair, knit"
337,250,France,008,Albania,90," Optical fibres, except for telecommunications",9865.083,0.29208,"France -  Optical fibres, except for telecommunications"
338,724,Spain,008,Albania,16," Sausages, similar products of meat, meat offal & bloo",9742.2,0.5806,"Spain -  Sausages, similar products of meat, meat offal & bloo"
339,156,China,008,Albania,14, Bamboos used primarily for plaiting,9459.219,14.970519,China -  Bamboos used primarily for plaiting
340,586,Pakistan,008,Albania,61," Mens, boys overcoats, etc, of wool or hair, knit",9423.917,0.18,"Pakistan -  Mens, boys overcoats, etc, of wool or hair, knit"
341,032,Argentina,008,Albania,10, Durum wheat,8922.801,16.0015,Argentina -  Durum wheat
342,392,Japan,008,Albania,39, Polyethylene - specific gravity <0.94 in primary form,8812.829,0.110143,Japan -  Polyethylene - specific gravity <0.94 in primary form
343,276,Germany,008,Albania,39, Polyethylene - specific gravity <0.94 in primary form,8624.528,0.16104,Germany -  Polyethylene - specific gravity <0.94 in primary form
344,276,Germany,008,Albania,38, Artificial graphite,8377.707,3.7826,Germany -  Artificial graphite
345,076,Brazil,008,Albania,87, Pedestrian controlled tractors,8370.695,0.6677799999999999,Brazil -  Pedestrian controlled tractors
346,604,Peru,008,Albania,10, Durum wheat,8129.522,2.582023,Peru -  Durum wheat
347,392,Japan,008,Albania,89," Cruise ships, excursion boats, ferry boats",7630.103,0.250305,"Japan -  Cruise ships, excursion boats, ferry boats"
348,250,France,008,Albania,19," Infant foods of cereals, flour, starch or milk, retai",7002.409,3.90017,"France -  Infant foods of cereals, flour, starch or milk, retai"
349,380,Italy,008,Albania,46, Plaits and products of plaiting materials,6835.107,0.68126,Italy -  Plaits and products of plaiting materials
350,380,Italy,008,Albania,14, Bamboos used primarily for plaiting,6778.87,1.128213,Italy -  Bamboos used primarily for plaiting
351,380,Italy,008,Albania,80, Tin not alloyed unwrought,6580.74,0.17,Italy -  Tin not alloyed unwrought
352,724,Spain,008,Albania,61," Mens, boys overcoats, etc, of wool or hair, knit",6502.316,0.10834,"Spain -  Mens, boys overcoats, etc, of wool or hair, knit"
353,100,Bulgaria,008,Albania,87, Pedestrian controlled tractors,6301.025,3.954,Bulgaria -  Pedestrian controlled tractors
354,840,United States of America,008,Albania,30," Glands and other organs, dried, for therapeutic uses",6226.295,0.096955,"United States of America -  Glands and other organs, dried, for therapeutic uses"
355,276,Germany,008,Albania,94," Seats, aircraft",6087.375,5.6665,"Germany -  Seats, aircraft"
356,604,Peru,008,Albania,08," Coconuts, fresh or dried",5965.307,3.874542,"Peru -  Coconuts, fresh or dried"
357,218,Ecuador,008,Albania,87, Pedestrian controlled tractors,5871.136,3.041,Ecuador -  Pedestrian controlled tractors
358,484,Mexico,008,Albania,90," Optical fibres, except for telecommunications",5561.036,0.694309,"Mexico -  Optical fibres, except for telecommunications"
359,840,United States of America,008,Albania,63, Electric blankets of textile material,5329.681,3.968245,United States of America -  Electric blankets of textile material
360,642,Romania,008,Albania,87, Pedestrian controlled tractors,5285.281,3.007,Romania -  Pedestrian controlled tractors
361,076,Brazil,008,Albania,84, Nuclear reactors,5042.667,0.365493,Brazil -  Nuclear reactors
362,578,Norway,008,Albania,87, Pedestrian controlled tractors,4906.094,3.057,Norway -  Pedestrian controlled tractors
363,410,"Korea, Republic of",008,Albania,85, Electric motors of an output < 37.5 watts,4775.523,0.313,"Korea, Republic of -  Electric motors of an output < 37.5 watts"
364,840,United States of America,008,Albania,94," Seats, aircraft",4769.873,0.14084,"United States of America -  Seats, aircraft"
365,704,Viet Nam,008,Albania,62," Mens, boys overcoats of wool or hair, not knit",4366.68,0.03699,"Viet Nam -  Mens, boys overcoats of wool or hair, not knit"
366,840,United States of America,008,Albania,32, Quebracho tanning extract,4361.068,0.110619,United States of America -  Quebracho tanning extract
367,840,United States of America,008,Albania,37, X-ray plates and films,4316.822,0.282192,United States of America -  X-ray plates and films
368,840,United States of America,008,Albania,82, Spades and shovels,4206.036,0.039213,United States of America -  Spades and shovels
369,156,China,008,Albania,21," Coffee extracts, essences, concentrates, preparations",4058.078,7.5,"China -  Coffee extracts, essences, concentrates, preparations"
370,380,Italy,008,Albania,13, Lac,4027.719,0.1474,Italy -  Lac
371,158,"China, Taiwan Province of",008,Albania,40," Natural rubber latex, including prevulcanised",3993.408,0.17777,"China, Taiwan Province of -  Natural rubber latex, including prevulcanised"
372,344,"China, Hong Kong SAR",008,Albania,48, Newsprint,3931.553,0.143253,"China, Hong Kong SAR -  Newsprint"
373,376,Israel,008,Albania,90," Optical fibres, except for telecommunications",3622.869,0.016003,"Israel -  Optical fibres, except for telecommunications"
374,840,United States of America,008,Albania,18," Cocoa beans, whole or broken, raw or roasted",3477.277,0.074837,"United States of America -  Cocoa beans, whole or broken, raw or roasted"
375,348,Hungary,008,Albania,87, Pedestrian controlled tractors,3466.37,2.07,Hungary -  Pedestrian controlled tractors
376,158,"China, Taiwan Province of",008,Albania,84, Nuclear reactors,3355.897,0.6973400000000001,"China, Taiwan Province of -  Nuclear reactors"
377,788,Tunisia,008,Albania,64," Waterproof footwear (Wellingtons etc), metal toe cap",3336.938,0.03824,"Tunisia -  Waterproof footwear (Wellingtons etc), metal toe cap"
378,156,China,008,Albania,80, Tin not alloyed unwrought,3321.634,0.3135,China -  Tin not alloyed unwrought
379,203,Czechia,008,Albania,84, Nuclear reactors,3295.682,0.123,Czechia -  Nuclear reactors
380,040,Austria,008,Albania,84, Nuclear reactors,3177.484,0.126,Austria -  Nuclear reactors
381,348,Hungary,008,Albania,44, Fuel wood,3140.505,10.104664000000001,Hungary -  Fuel wood
382,156,China,008,Albania,43," Raw mink furskins, whole",3130.106,0.11603,"China -  Raw mink furskins, whole"
383,826,United Kingdom,008,Albania,85, Electric motors of an output < 37.5 watts,3066.74,1.188,United Kingdom -  Electric motors of an output < 37.5 watts
384,380,Italy,008,Albania,88," Gliders, hang gliders",2996.408,0.02379,"Italy -  Gliders, hang gliders"
385,840,United States of America,008,Albania,70," Glass cullet, waste or scrap, glass in the mass",2981.704,0.009127000000000001,"United States of America -  Glass cullet, waste or scrap, glass in the mass"
386,250,France,008,Albania,34," Soaps, for toilet use, solid",2960.49,0.17777,"France -  Soaps, for toilet use, solid"
387,100,Bulgaria,008,Albania,61," Mens, boys overcoats, etc, of wool or hair, knit",2653.615,0.17945,"Bulgaria -  Mens, boys overcoats, etc, of wool or hair, knit"
388,704,Viet Nam,008,Albania,64," Waterproof footwear (Wellingtons etc), metal toe cap",2621.557,0.04268,"Viet Nam -  Waterproof footwear (Wellingtons etc), metal toe cap"
389,620,Portugal,008,Albania,39, Polyethylene - specific gravity <0.94 in primary form,2609.48,0.03,Portugal -  Polyethylene - specific gravity <0.94 in primary form
390,376,Israel,008,Albania,33, Essential oils of bergamot,2443.524,0.063568,Israel -  Essential oils of bergamot
391,480,Mauritius,008,Albania,62," Mens, boys overcoats of wool or hair, not knit",2380.916,0.025712,"Mauritius -  Mens, boys overcoats of wool or hair, not knit"
392,203,Czechia,008,Albania,40," Natural rubber latex, including prevulcanised",2346.339,0.71,"Czechia -  Natural rubber latex, including prevulcanised"
393,410,"Korea, Republic of",008,Albania,40," Natural rubber latex, including prevulcanised",2243.088,0.41308999999999996,"Korea, Republic of -  Natural rubber latex, including prevulcanised"
394,356,India,008,Albania,73, Sheet piling of iron or steel,2090.75,0.1431,India -  Sheet piling of iron or steel
395,276,Germany,008,Albania,58," Woven pile fabric of wool or fine animal hair, w >30c",1965.174,0.019149999999999997,"Germany -  Woven pile fabric of wool or fine animal hair, w >30c"
396,608,Philippines,008,Albania,84, Nuclear reactors,1936.652,0.21415,Philippines -  Nuclear reactors
397,792,Türkiye,008,Albania,49," Brochures, leaflets and similar, in single sheets",1842.478,6.09486,"Türkiye -  Brochures, leaflets and similar, in single sheets"
398,705,Slovenia,008,Albania,87, Pedestrian controlled tractors,1792.32,1.533,Slovenia -  Pedestrian controlled tractors
399,156,China,008,Albania,27," Anthracite, not agglomerated",1707.08,1.75,"China -  Anthracite, not agglomerated"
400,792,Türkiye,008,Albania,63, Electric blankets of textile material,1627.67,0.052,Türkiye -  Electric blankets of textile material
401,218,Ecuador,008,Albania,09," Coffee, not roasted, not decaffeinated",1579.626,0.396756,"Ecuador -  Coffee, not roasted, not decaffeinated"
402,840,United States of America,008,Albania,83, Padlocks of base metal,1578.791,0.06387899999999999,United States of America -  Padlocks of base metal
403,705,Slovenia,008,Albania,85, Electric motors of an output < 37.5 watts,1519.83,0.057758000000000004,Slovenia -  Electric motors of an output < 37.5 watts
404,792,Türkiye,008,Albania,56," Sanitary towels, diapers and similar articles",1505.269,0.50292,"Türkiye -  Sanitary towels, diapers and similar articles"
405,156,China,008,Albania,79," Zinc, not alloyed, unwrought, >99% pure",1489.562,0.08098000000000001,"China -  Zinc, not alloyed, unwrought, >99% pure"
406,392,Japan,008,Albania,96," Worked ivory, articles of ivory",1424.713,0.059095,"Japan -  Worked ivory, articles of ivory"
407,250,France,008,Albania,94," Seats, aircraft",1402.391,0.1178,"France -  Seats, aircraft"
408,356,India,008,Albania,84, Nuclear reactors,1260.023,0.102,India -  Nuclear reactors
409,276,Germany,008,Albania,04, Milk not concentrated nor sweetened < 1% fat,1248.882,0.07528,Germany -  Milk not concentrated nor sweetened < 1% fat
410,826,United Kingdom,008,Albania,94," Seats, aircraft",1235.546,2.2,"United Kingdom -  Seats, aircraft"
411,300,Greece,008,Albania,87, Pedestrian controlled tractors,1234.186,1.1,Greece -  Pedestrian controlled tractors
412,642,Romania,008,Albania,61," Mens, boys overcoats, etc, of wool or hair, knit",1224.154,0.014398999999999999,"Romania -  Mens, boys overcoats, etc, of wool or hair, knit"
413,826,United Kingdom,008,Albania,39, Polyethylene - specific gravity <0.94 in primary form,1211.773,0.17553,United Kingdom -  Polyethylene - specific gravity <0.94 in primary form
414,356,India,008,Albania,64," Waterproof footwear (Wellingtons etc), metal toe cap",1205.114,0.02206,"India -  Waterproof footwear (Wellingtons etc), metal toe cap"
415,380,Italy,008,Albania,67," Bird skins and feathers, articles therefrom",1199.42,0.444,"Italy -  Bird skins and feathers, articles therefrom"
416,320,Guatemala,008,Albania,09," Coffee, not roasted, not decaffeinated",1187.428,0.04604,"Guatemala -  Coffee, not roasted, not decaffeinated"
417,392,Japan,008,Albania,33, Essential oils of bergamot,1173.581,0.039426,Japan -  Essential oils of bergamot
418,724,Spain,008,Albania,17," Raw sugar, cane",1106.924,0.09297,"Spain -  Raw sugar, cane"
419,124,Canada,008,Albania,33, Essential oils of bergamot,1098.694,0.126584,Canada -  Essential oils of bergamot
420,484,Mexico,008,Albania,39, Polyethylene - specific gravity <0.94 in primary form,1080.536,0.006855000000000001,Mexico -  Polyethylene - specific gravity <0.94 in primary form
421,380,Italy,008,Albania,92," Upright pianos, including auto-players",1033.91,0.1275,"Italy -  Upright pianos, including auto-players"
422,642,Romania,008,Albania,82, Spades and shovels,1022.964,0.034738,Romania -  Spades and shovels
423,250,France,008,Albania,49," Brochures, leaflets and similar, in single sheets",919.623,0.07645,"France -  Brochures, leaflets and similar, in single sheets"
424,826,United Kingdom,008,Albania,70," Glass cullet, waste or scrap, glass in the mass",828.741,0.2068,"United Kingdom -  Glass cullet, waste or scrap, glass in the mass"
425,116,Cambodia,008,Albania,62," Mens, boys overcoats of wool or hair, not knit",812.634,0.01055,"Cambodia -  Mens, boys overcoats of wool or hair, not knit"
426,276,Germany,008,Albania,75, Nickel mattes,793.28,0.015835000000000002,Germany -  Nickel mattes
427,104,Myanmar,008,Albania,62," Mens, boys overcoats of wool or hair, not knit",771.848,0.01581,"Myanmar -  Mens, boys overcoats of wool or hair, not knit"
428,600,Paraguay,008,Albania,12, Soya beans,743.395,0.101277,Paraguay -  Soya beans
429,528,Netherlands (Kingdom of the),008,Albania,44, Fuel wood,713.228,1.795,Netherlands (Kingdom of the) -  Fuel wood
430,724,Spain,008,Albania,76," Aluminium unwrought, not alloyed",696.701,0.182,"Spain -  Aluminium unwrought, not alloyed"
431,250,France,008,Albania,44, Fuel wood,692.221,2.541,France -  Fuel wood
432,604,Peru,008,Albania,61," Mens, boys overcoats, etc, of wool or hair, knit",683.254,0.004086,"Peru -  Mens, boys overcoats, etc, of wool or hair, knit"
433,643,Russian Federation,008,Albania,84, Nuclear reactors,670.608,0.3225,Russian Federation -  Nuclear reactors
434,392,Japan,008,Albania,73, Sheet piling of iron or steel,585.241,0.012128,Japan -  Sheet piling of iron or steel
435,276,Germany,008,Albania,02," Bovine carcasses and half carcasses, fresh or chilled",551.506,0.01268,"Germany -  Bovine carcasses and half carcasses, fresh or chilled"
436,392,Japan,008,Albania,27," Anthracite, not agglomerated",538.109,0.024409,"Japan -  Anthracite, not agglomerated"
437,642,Romania,008,Albania,42," Saddlery and harness, of any material",497.984,0.00954,"Romania -  Saddlery and harness, of any material"
438,376,Israel,008,Albania,85, Electric motors of an output < 37.5 watts,482.182,0.012577999999999999,Israel -  Electric motors of an output < 37.5 watts
439,276,Germany,008,Albania,49," Brochures, leaflets and similar, in single sheets",475.852,0.32298000000000004,"Germany -  Brochures, leaflets and similar, in single sheets"
440,705,Slovenia,008,Albania,84, Nuclear reactors,379.164,0.0011639999999999999,Slovenia -  Nuclear reactors
441,480,Mauritius,008,Albania,61," Mens, boys overcoats, etc, of wool or hair, knit",370.994,0.0052190000000000005,"Mauritius -  Mens, boys overcoats, etc, of wool or hair, knit"
442,156,China,008,Albania,20," Cucumbers,gherkins, prepared or preserved by vinegar",358.407,0.108,"China -  Cucumbers,gherkins, prepared or preserved by vinegar"
443,124,Canada,008,Albania,73, Sheet piling of iron or steel,358.053,0.057817999999999994,Canada -  Sheet piling of iron or steel
444,840,United States of America,008,Albania,22, Mineral and aerated waters not sweetened or flavoured,354.547,0.0039889999999999995,United States of America -  Mineral and aerated waters not sweetened or flavoured
445,826,United Kingdom,008,Albania,40," Natural rubber latex, including prevulcanised",330.86,0.04,"United Kingdom -  Natural rubber latex, including prevulcanised"
446,724,Spain,008,Albania,44, Fuel wood,321.941,12.025,Spain -  Fuel wood
447,344,"China, Hong Kong SAR",008,Albania,90," Optical fibres, except for telecommunications",304.194,0.005441,"China, Hong Kong SAR -  Optical fibres, except for telecommunications"
448,724,Spain,008,Albania,49," Brochures, leaflets and similar, in single sheets",287.261,0.5327200000000001,"Spain -  Brochures, leaflets and similar, in single sheets"
449,156,China,008,Albania,92," Upright pianos, including auto-players",265.145,0.036,"China -  Upright pianos, including auto-players"
450,276,Germany,008,Albania,44, Fuel wood,224.236,6.72234,Germany -  Fuel wood
451,276,Germany,008,Albania,82, Spades and shovels,210.417,0.01014,Germany -  Spades and shovels
452,276,Germany,008,Albania,21," Coffee extracts, essences, concentrates, preparations",208.627,0.0277,"Germany -  Coffee extracts, essences, concentrates, preparations"
453,356,India,008,Albania,41," Bovine skins, whole, raw",208.059,0.007,"India -  Bovine skins, whole, raw"
454,840,United States of America,008,Albania,96," Worked ivory, articles of ivory",176.658,0.0008629999999999999,"United States of America -  Worked ivory, articles of ivory"
455,642,Romania,008,Albania,64," Waterproof footwear (Wellingtons etc), metal toe cap",175.707,0.0035,"Romania -  Waterproof footwear (Wellingtons etc), metal toe cap"
456,586,Pakistan,008,Albania,95," Rideable wheeled toys, dolls carriages",173.162,0.03047,"Pakistan -  Rideable wheeled toys, dolls carriages"
457,360,Indonesia,008,Albania,42," Saddlery and harness, of any material",167.767,0.0014199999999999998,"Indonesia -  Saddlery and harness, of any material"
458,792,Türkiye,008,Albania,65," Hat-forms, etc of felt, not shaped, no formed brim",166.219,0.03165,"Türkiye -  Hat-forms, etc of felt, not shaped, no formed brim"
459,356,India,008,Albania,63, Electric blankets of textile material,98.763,0.00335,India -  Electric blankets of textile material
460,076,Brazil,008,Albania,85, Electric motors of an output < 37.5 watts,97.951,0.003334,Brazil -  Electric motors of an output < 37.5 watts
461,642,Romania,008,Albania,38, Artificial graphite,88.538,0.003155,Romania -  Artificial graphite
462,392,Japan,008,Albania,58," Woven pile fabric of wool or fine animal hair, w >30c",84.121,0.0023439999999999997,"Japan -  Woven pile fabric of wool or fine animal hair, w >30c"
463,152,Chile,008,Albania,08," Coconuts, fresh or dried",69.524,0.079986,"Chile -  Coconuts, fresh or dried"
464,642,Romania,008,Albania,90," Optical fibres, except for telecommunications",56.586,0.00062,"Romania -  Optical fibres, except for telecommunications"
465,840,United States of America,008,Albania,91," Wrist-watch, precious metal, battery, with hands",16.777,0.00048499999999999997,"United States of America -  Wrist-watch, precious metal, battery, with hands"
466,380,Italy,008,Albania,01," Horses, live pure-bred breeding",0.0,31.63,"Italy -  Horses, live pure-bred breeding"
